X,Y,Cluster
109.142997741699,125.580001831055,0
110.15747833252,125.495780944824,0
111.171943664551,125.403984069824,0
112.186386108398,125.305221557617,0
113.200790405273,125.20011138916,0
114.215171813965,125.089263916016,0
115.229507446289,124.973289489746,0
116.243797302246,124.85279083252,0
117.258041381836,124.728385925293,0
118.27222442627,124.600685119629,0
119.286354064941,124.47029876709,0
120.300415039063,124.337829589844,0
121.314407348633,124.203903198242,0
122.328315734863,124.069122314453,0
123.342147827148,123.934104919434,0
124.355895996094,123.799453735352,0
125.36954498291,123.66577911377,0
126.383102416992,123.53369140625,0
127.396553039551,123.40380859375,0
128.409896850586,123.276741027832,0
129.423126220703,123.153091430664,0
130.436233520508,123.033477783203,0
131.449234008789,122.918510437012,0
132.46208190918,122.808799743652,0
133.474807739258,122.704948425293,0
134.487396240234,122.607582092285,0
135.49983215332,122.517303466797,0
136.512130737305,122.434715270996,0
137.524261474609,122.360450744629,0
138.536239624023,122.295097351074,0
139.548034667969,122.239280700684,0
140.559677124023,122.193603515625,0
141.571136474609,122.158683776855,0
142.582412719727,122.135124206543,0
143.593490600586,122.123542785645,0
144.604400634766,122.124549865723,0
145.615097045898,122.138748168945,0
146.625595092773,122.16675567627,0
147.635879516602,122.209190368652,0
148.645950317383,122.266647338867,0
149.655807495117,122.339744567871,0
150.665435791016,122.429100036621,0
151.674835205078,122.535308837891,0
152.684005737305,122.658996582031,0
153.70085144043,122.802284240723,0
154.714401245117,122.964057922363,0
155.72444152832,123.144142150879,0
156.730773925781,123.342323303223,0
157.733169555664,123.55842590332,0
158.731399536133,123.79224395752,0
159.725280761719,124.043601989746,0
160.714584350586,124.312286376953,0
161.699111938477,124.598121643066,0
162.678619384766,124.900901794434,0
163.652908325195,125.22045135498,0
164.621765136719,125.55655670166,0
165.584991455078,125.909042358398,0
166.542343139648,126.277709960938,0
167.493621826172,126.66236114502,0
168.438629150391,127.062805175781,0
169.37712097168,127.478858947754,0
170.308898925781,127.91032409668,0
171.233749389648,128.356994628906,0
172.151458740234,128.818710327148,0
173.061813354492,129.29524230957,0
173.964599609375,129.786422729492,0
174.859588623047,130.292037963867,0
175.746597290039,130.811920166016,0
176.625381469727,131.345855712891,0
177.495742797852,131.893661499023,0
178.357467651367,132.455139160156,0
179.210327148438,133.030120849609,0
180.054122924805,133.618377685547,0
180.888641357422,134.2197265625,0
181.713668823242,134.833984375,0
182.528991699219,135.460968017578,0
183.334381103516,136.100463867188,0
184.129623413086,136.752288818359,0
184.914535522461,137.416244506836,0
185.688873291016,138.092147827148,0
186.452438354492,138.779800415039,0
187.205001831055,139.47900390625,0
187.946502685547,140.189392089844,0
188.676971435547,140.910568237305,0
189.396377563477,141.642364501953,0
190.104721069336,142.384552001953,0
190.801956176758,143.136947631836,0
191.488052368164,143.899353027344,0
192.162979125977,144.67155456543,0
192.826736450195,145.453369140625,0
193.479263305664,146.244598388672,0
194.120544433594,147.045028686523,0
194.750564575195,147.854476928711,0
195.369293212891,148.672729492188,0
195.976684570313,149.499603271484,0
196.572738647461,150.334899902344,0
197.157409667969,151.178405761719,0
197.730667114258,152.029922485352,0
198.292495727539,152.889266967773,0
198.842864990234,153.756240844727,0
199.381744384766,154.630630493164,0
199.909118652344,155.512237548828,0
200.424942016602,156.40087890625,0
200.929214477539,157.296340942383,0
201.421875,158.198425292969,0
201.902923583984,159.106948852539,0
202.372314453125,160.021697998047,0
202.830032348633,160.942474365234,0
203.27604675293,161.869094848633,0
203.710327148438,162.801345825195,0
204.132858276367,163.739028930664,0
204.543594360352,164.681945800781,0
204.942520141602,165.629898071289,0
205.329605102539,166.582702636719,0
205.704833984375,167.540145874023,0
206.068161010742,168.502029418945,0
206.419570922852,169.468154907227,0
206.759033203125,170.438323974609,0
207.086517333984,171.412338256836,0
207.401992797852,172.389999389648,0
207.717407226563,173.412338256836,0
208.019271850586,174.440246582031,0
208.306671142578,175.473342895508,0
208.57861328125,176.511199951172,0
208.834182739258,177.553451538086,0
209.072418212891,178.599700927734,0
209.292373657227,179.649551391602,0
209.493087768555,180.702621459961,0
209.673614501953,181.758499145508,0
209.833023071289,182.816802978516,0
209.970336914063,183.877151489258,0
210.084625244141,184.93913269043,0
210.174926757813,186.002365112305,0
210.240295410156,187.066452026367,0
210.27978515625,188.130996704102,0
210.292434692383,189.195602416992,0
210.277313232422,190.259902954102,0
210.233459472656,191.323486328125,0
210.159912109375,192.385955810547,0
210.055755615234,193.446929931641,0
209.919998168945,194.505996704102,0
209.747940063477,195.583358764648,0
209.543487548828,196.653686523438,0
209.307678222656,197.716766357422,0
209.041519165039,198.772323608398,0
208.746047973633,199.820129394531,0
208.422256469727,200.859954833984,0
208.071197509766,201.891540527344,0
207.693878173828,202.914642333984,0
207.291305541992,203.92903137207,0
206.864517211914,204.934448242188,0
206.414535522461,205.9306640625,0
205.942367553711,206.917449951172,0
205.44905090332,207.89453125,0
204.935592651367,208.861679077148,0
204.403015136719,209.818664550781,0
203.852355957031,210.765228271484,0
203.284622192383,211.701126098633,0
202.700820922852,212.62614440918,0
202.102005004883,213.539993286133,0
201.537994384766,214.372467041016,0
200.962478637695,215.195877075195,0
200.375595092773,216.010269165039,0
199.777557373047,216.815628051758,0
199.168533325195,217.612014770508,0
198.548675537109,218.3994140625,0
197.918197631836,219.177871704102,0
197.277267456055,219.947387695313,0
196.626052856445,220.707992553711,0
195.964752197266,221.459701538086,0
195.293518066406,222.202545166016,0
194.612548828125,222.936538696289,0
193.922012329102,223.661697387695,0
193.222091674805,224.378036499023,0
192.512969970703,225.085601806641,0
191.794815063477,225.784378051758,0
191.067810058594,226.474411010742,0
190.332138061523,227.155700683594,0
189.587982177734,227.82829284668,0
188.835510253906,228.4921875,0
188.074890136719,229.147399902344,0
187.30632019043,229.793975830078,0
186.529968261719,230.431915283203,0
185.746032714844,231.061233520508,0
184.954666137695,231.681976318359,0
184.156051635742,232.294143676758,0
183.350372314453,232.897750854492,0
182.537811279297,233.492828369141,0
181.718551635742,234.079391479492,0
180.89274597168,234.657470703125,0
180.060607910156,235.227081298828,0
179.222290039063,235.788223266602,0
178.377975463867,236.340942382813,0
177.527847290039,236.88525390625,0
176.672088623047,237.421173095703,0
175.81086730957,237.94873046875,0
174.944366455078,238.467926025391,0
174.072769165039,238.978790283203,0
173.196243286133,239.481338500977,0
172.314987182617,239.975601196289,0
171.429153442383,240.46159362793,0
170.538925170898,240.939331054688,0
169.644500732422,241.408843994141,0
168.746047973633,241.870147705078,0
167.843734741211,242.3232421875,0
166.937759399414,242.768188476563,0
166.028274536133,243.204971313477,0
165.115493774414,243.63362121582,0
164.199554443359,244.054168701172,0
163.280670166016,244.466613769531,0
162.358993530273,244.871002197266,0
161.408721923828,245.278594970703,0
160.454376220703,245.678192138672,0
159.496047973633,246.069442749023,0
158.533813476563,246.451904296875,0
157.567764282227,246.825210571289,0
156.597946166992,247.188949584961,0
155.624465942383,247.542724609375,0
154.647384643555,247.886138916016,0
153.666778564453,248.218811035156,0
152.682739257813,248.540328979492,0
151.695327758789,248.850311279297,0
150.704650878906,249.148345947266,0
149.710754394531,249.434036254883,0
148.713729858398,249.706985473633,0
147.713653564453,249.966812133789,0
146.710601806641,250.213104248047,0
145.704650878906,250.445465087891,0
144.695892333984,250.663513183594,0
143.684387207031,250.866851806641,0
142.670211791992,251.055053710938,0
141.653457641602,251.227752685547,0
140.634201049805,251.384552001953,0
139.612503051758,251.525039672852,0
138.588470458984,251.648818969727,0
137.562149047852,251.755508422852,0
136.533630371094,251.844696044922,0
135.503005981445,251.916000366211,0
134.430328369141,251.970428466797,0
133.356826782227,252.004898071289,0
132.28288269043,252.019439697266,0
131.208831787109,252.014114379883,0
130.135055541992,251.988967895508,0
129.061920166016,251.944046020508,0
127.989776611328,251.879409790039,0
126.918991088867,251.79508972168,0
125.849937438965,251.691131591797,0
124.78296661377,251.567596435547,0
123.718444824219,251.424530029297,0
122.65673828125,251.261978149414,0
121.598205566406,251.079971313477,0
120.54322052002,250.87858581543,0
119.492141723633,250.657867431641,0
118.445327758789,250.417846679688,0
117.403144836426,250.158584594727,0
116.36595916748,249.880111694336,0
115.334129333496,249.582489013672,0
114.30802154541,249.265777587891,0
113.28800201416,248.929992675781,0
112.304710388184,248.586074829102,0
111.328323364258,248.224945068359,0
110.35888671875,247.846908569336,0
109.396484375,247.452285766602,0
108.441184997559,247.041381835938,0
107.493049621582,246.614471435547,0
106.552146911621,246.171905517578,0
105.618553161621,245.713943481445,0
104.692337036133,245.240921020508,0
103.773559570313,244.753128051758,0
102.862289428711,244.250869750977,0
101.958602905273,243.734451293945,0
101.062561035156,243.204177856445,0
100.174240112305,242.660354614258,0
99.293701171875,242.103286743164,0
98.4210205078125,241.533264160156,0
97.5562591552734,240.950622558594,0
96.6994934082031,240.35563659668,0
95.8507843017578,239.748626708984,0
95.0102081298828,239.129898071289,0
94.1778259277344,238.499740600586,0
93.3537139892578,237.858459472656,0
92.5379333496094,237.20637512207,0
91.7305526733398,236.543792724609,0
90.9316558837891,235.870986938477,0
90.1412887573242,235.188293457031,0
89.3595352172852,234.496017456055,0
88.5864639282227,233.79443359375,0
87.822135925293,233.083862304688,0
87.0666275024414,232.364624023438,0
86.3199996948242,231.636993408203,0
85.5688705444336,230.887191772461,0
84.8262634277344,230.127914428711,0
84.0925903320313,229.359222412109,0
83.368278503418,228.581130981445,0
82.6537322998047,227.793716430664,0
81.9493713378906,226.996978759766,0
81.2556076049805,226.190963745117,0
80.572868347168,225.375732421875,0
79.9015655517578,224.551300048828,0
79.2421112060547,223.717697143555,0
78.5949172973633,222.874984741211,0
77.9604187011719,222.023193359375,0
77.3390121459961,221.162353515625,0
76.7311248779297,220.292495727539,0
76.1371688842773,219.413681030273,0
75.5575637817383,218.525939941406,0
74.9927215576172,217.629287719727,0
74.4430618286133,216.723785400391,0
73.9089965820313,215.809478759766,0
73.3909454345703,214.886367797852,0
72.8893280029297,213.954528808594,0
72.4045562744141,213.013977050781,0
71.9370422363281,212.06477355957,0
71.4872131347656,211.106918334961,0
71.0554733276367,210.140487670898,0
70.6422500610352,209.165496826172,0
70.2479553222656,208.181991577148,0
69.8730010986328,207.190002441406,0
69.5418701171875,206.259414672852,0
69.2290267944336,205.324432373047,0
68.9343185424805,204.385238647461,0
68.657600402832,203.442047119141,0
68.3987121582031,202.495025634766,0
68.1575241088867,201.544403076172,0
67.9338684082031,200.590347290039,0
67.7276077270508,199.633071899414,0
67.5385894775391,198.672744750977,0
67.3666687011719,197.709594726563,0
67.2116851806641,196.743789672852,0
67.0735015869141,195.775543212891,0
66.9519577026367,194.805038452148,0
66.8469161987305,193.832473754883,0
66.7582244873047,192.858047485352,0
66.6857299804688,191.881942749023,0
66.6292877197266,190.904373168945,0
66.5887451171875,189.925521850586,0
66.5639572143555,188.945571899414,0
66.5547714233398,187.964752197266,0
66.5610427856445,186.98323059082,0
66.5826187133789,186.001205444336,0
66.6193466186523,185.01887512207,0
66.6710891723633,184.036437988281,0
66.7376861572266,183.054077148438,0
66.8189926147461,182.072006225586,0
66.9148559570313,181.090393066406,0
67.0251388549805,180.109466552734,0
67.1496810913086,179.12939453125,0
67.288330078125,178.150390625,0
67.4409484863281,177.172637939453,0
67.6073837280273,176.196334838867,0
67.7874908447266,175.221664428711,0
67.9811096191406,174.248840332031,0
68.1880950927734,173.278060913086,0
68.4083023071289,172.309494018555,0
68.6415786743164,171.343353271484,0
68.8877792358398,170.379837036133,0
69.1467514038086,169.419128417969,0
69.4183502197266,168.461441040039,0
69.7024154663086,167.506942749023,0
69.9988174438477,166.555847167969,0
70.3073883056641,165.608337402344,0
70.6279907226563,164.664627075195,0
70.9604644775391,163.724899291992,0
71.3046722412109,162.789337158203,0
71.6604690551758,161.858154296875,0
72.0276870727539,160.931549072266,0
72.4061889648438,160.009689331055,0
72.7958297729492,159.092803955078,0
73.1964492797852,158.181060791016,0
73.60791015625,157.274658203125,0
74.0300521850586,156.373809814453,0
74.4627380371094,155.478698730469,0
74.9058074951172,154.589508056641,0
75.3591156005859,153.706451416016,0
75.8225173950195,152.829727172852,0
76.2958602905273,151.959503173828,0
76.7789993286133,151.095993041992,0
77.2859191894531,150.219131469727,0
77.8075866699219,149.349258422852,0
78.3438339233398,148.48681640625,0
78.8945236206055,147.632247924805,0
79.4594879150391,146.786026000977,0
80.0385894775391,145.948593139648,0
80.6316604614258,145.120391845703,0
81.2385559082031,144.301864624023,0
81.8591232299805,143.493469238281,0
82.4932022094727,142.695648193359,0
83.1406478881836,141.90885925293,0
83.8013000488281,141.133529663086,0
84.4750137329102,140.370132446289,0
85.1616287231445,139.619110107422,0
85.8609924316406,138.880905151367,0
86.5729598999023,138.155960083008,0
87.29736328125,137.444747924805,0
88.034065246582,136.747695922852,0
88.7828979492188,136.065246582031,0
89.5437240600586,135.397872924805,0
90.3163757324219,134.746002197266,0
91.1007080078125,134.110092163086,0
91.8965606689453,133.490585327148,0
92.7037963867188,132.887939453125,0
93.5222396850586,132.302597045898,0
94.3517532348633,131.735015869141,0
95.1921844482422,131.185623168945,0
96.0433731079102,130.654891967773,0
96.9051666259766,130.143249511719,0
97.7774124145508,129.651153564453,0
98.6599578857422,129.179061889648,0
99.5526504516602,128.727416992188,0
100.455345153809,128.296661376953,0
101.367874145508,127.887237548828,0
102.290084838867,127.499610900879,0
103.221839904785,127.134223937988,0
104.162971496582,126.791519165039,0
105.113334655762,126.471954345703,0
106.072769165039,126.175964355469,0
107.041130065918,125.904014587402,0
108.018257141113,125.656539916992,0
109.003997802734,125.43399810791,0
140.843002319336,11.8520002365112,1
141.456741333008,12.4361667633057,1
142.094802856445,13.0145587921143,1
142.756317138672,13.5873336791992,1
143.440490722656,14.1546468734741,1
144.146484375,14.7166538238525,1
144.873443603516,15.2735118865967,1
145.620574951172,15.8253755569458,1
146.387023925781,16.3724021911621,1
147.171966552734,16.9147472381592,1
147.974578857422,17.4525661468506,1
148.794021606445,17.9860172271729,1
149.629455566406,18.5152530670166,1
150.480072021484,19.0404319763184,1
151.345031738281,19.561710357666,1
152.223510742188,20.0792407989502,1
153.114669799805,20.5931835174561,1
154.017669677734,21.1036930084229,1
154.931701660156,21.6109256744385,1
155.855926513672,22.1150379180908,1
156.789505004883,22.6161823272705,1
157.731628417969,23.1145191192627,1
158.681442260742,23.6102027893066,1
159.638122558594,24.1033897399902,1
160.600860595703,24.5942344665527,1
161.568786621094,25.082893371582,1
162.541107177734,25.5695247650146,1
163.516983032227,26.0542831420898,1
164.495574951172,26.5373249053955,1
165.476043701172,27.0188045501709,1
166.457580566406,27.4988803863525,1
167.439361572266,27.9777069091797,1
168.420516967773,28.4554405212402,1
169.400253295898,28.9322376251221,1
170.377731323242,29.4082527160645,1
171.352111816406,29.8836441040039,1
172.322570800781,30.3585662841797,1
173.288284301758,30.8331756591797,1
174.248413085938,31.3076305389404,1
175.202117919922,31.7820816040039,1
176.148590087891,32.2566909790039,1
177.086990356445,32.7316093444824,1
178.016479492188,33.2069969177246,1
178.936248779297,33.6830062866211,1
179.845443725586,34.159797668457,1
180.743255615234,34.637523651123,1
181.628829956055,35.116340637207,1
182.501358032227,35.5964050292969,1
183.360000610352,36.0778732299805,1
184.20393371582,36.5609016418457,1
185.032318115234,37.0456466674805,1
185.844314575195,37.5322608947754,1
186.639129638672,38.0209045410156,1
187.415893554688,38.5117301940918,1
188.173797607422,39.0048980712891,1
188.912002563477,39.500560760498,1
189.629669189453,39.9988784790039,1
190.32600402832,40.5,1
191.111801147461,39.6188468933105,1
191.881500244141,38.748104095459,1
192.635833740234,37.8875007629395,1
193.375518798828,37.0367736816406,1
194.101318359375,36.1956558227539,1
194.813980102539,35.3638877868652,1
195.514236450195,34.5411987304688,1
196.202819824219,33.7273216247559,1
196.880493164063,32.9219970703125,1
197.547973632813,32.1249542236328,1
198.206008911133,31.3359279632568,1
198.855346679688,30.5546550750732,1
199.496734619141,29.7808704376221,1
200.130905151367,29.0143070220947,1
200.758590698242,28.2547016143799,1
201.38053894043,27.5017852783203,1
201.997512817383,26.7552947998047,1
202.610229492188,26.0149631500244,1
203.219421386719,25.2805271148682,1
203.82585144043,24.5517196655273,1
204.430267333984,23.8282737731934,1
205.033386230469,23.1099281311035,1
205.635955810547,22.3964138031006,1
206.238723754883,21.6874675750732,1
206.842437744141,20.9828224182129,1
207.447814941406,20.2822132110596,1
208.055618286133,19.5853748321533,1
208.666595458984,18.8920421600342,1
209.281463623047,18.2019481658936,1
209.900985717773,17.5148277282715,1
210.52587890625,16.8304176330566,1
211.15690612793,16.1484508514404,1
211.794799804688,15.4686603546143,1
212.440307617188,14.7907829284668,1
213.094161987305,14.1145524978638,1
213.757110595703,13.4397039413452,1
214.429885864258,12.7659702301025,1
215.113250732422,12.0930881500244,1
215.807922363281,11.4207897186279,1
216.5146484375,10.7488117218018,1
217.234176635742,10.0768871307373,1
217.967239379883,9.40475177764893,1
218.714584350586,8.73213958740234,1
219.476959228516,8.05878448486328,1
220.255096435547,7.38442134857178,1
221.049743652344,6.70878505706787,1
221.861618041992,6.03161001205444,1
222.691497802734,5.35263109207153,1
223.540100097656,4.67158222198486,1
224.408172607422,3.98819804191589,1
225.296463012695,3.30221319198608,1
226.205703735352,2.61336207389832,1
227.136627197266,1.92137968540192,1
228.089996337891,1.22599995136261,1
228.025817871094,2.37999439239502,1
227.954620361328,3.51664471626282,1
227.876342773438,4.63655567169189,1
227.790985107422,5.74033212661743,1
227.698501586914,6.82857894897461,1
227.598846435547,7.90190029144287,1
227.491989135742,8.96090126037598,1
227.377914428711,10.0061874389648,1
227.256561279297,11.0383615493774,1
227.127914428711,12.058030128479,1
226.991928100586,13.0657968521118,1
226.848571777344,14.0622673034668,1
226.697799682617,15.0480461120605,1
226.539596557617,16.0237369537354,1
226.373931884766,16.9899444580078,1
226.200744628906,17.9472751617432,1
226.02001953125,18.896333694458,1
225.831726074219,19.8377227783203,1
225.635803222656,20.7720470428467,1
225.432250976563,21.699914932251,1
225.221008300781,22.6219272613525,1
225.002059936523,23.5386905670166,1
224.775360107422,24.4508075714111,1
224.540863037109,25.35888671875,1
224.298568725586,26.2635288238525,1
224.048416137695,27.165340423584,1
223.79035949707,28.0649280548096,1
223.524398803711,28.9628925323486,1
223.250473022461,29.859842300415,1
222.968566894531,30.7563800811768,1
222.678634643555,31.6531105041504,1
222.380630493164,32.5506401062012,1
222.07453918457,33.4495697021484,1
221.760330200195,34.3505058288574,1
221.437942504883,35.2540588378906,1
221.107376098633,36.1608238220215,1
220.7685546875,37.0714111328125,1
220.421478271484,37.9864273071289,1
220.066116333008,38.9064712524414,1
219.702392578125,39.8321533203125,1
219.330322265625,40.7640762329102,1
218.949829101563,41.7028427124023,1
218.560913085938,42.6490592956543,1
218.163513183594,43.603328704834,1
217.757614135742,44.5662574768066,1
217.343170166016,45.5384521484375,1
216.920150756836,46.5205154418945,1
216.488525390625,47.5130500793457,1
216.048248291016,48.5166664123535,1
215.59928894043,49.5319633483887,1
215.141616821289,50.5595474243164,1
214.675201416016,51.600025177002,1
214.199996948242,52.6539993286133,1
215.135406494141,52.8898735046387,1
216.069549560547,53.1432228088379,1
217.002471923828,53.4133453369141,1
217.934219360352,53.6995429992676,1
218.864868164063,54.0011215209961,1
219.79443359375,54.3173751831055,1
220.723007202148,54.6476097106934,1
221.650588989258,54.9911231994629,1
222.577270507813,55.3472213745117,1
223.50309753418,55.7151985168457,1
224.428100585938,56.0943603515625,1
225.352340698242,56.4840049743652,1
226.27587890625,56.8834381103516,1
227.198745727539,57.2919540405273,1
228.121002197266,57.7088623046875,1
229.042709350586,58.1334571838379,1
229.963897705078,58.5650405883789,1
230.884628295898,59.0029144287109,1
231.804946899414,59.4463806152344,1
232.724914550781,59.8947410583496,1
233.644561767578,60.3472938537598,1
234.56396484375,60.8033409118652,1
235.483154296875,61.2621841430664,1
236.402191162109,61.7231254577637,1
237.32112121582,62.1854629516602,1
238.240005493164,62.6484985351563,1
239.158874511719,63.1115379333496,1
240.077789306641,63.5738754272461,1
240.996810913086,64.0348129272461,1
241.915969848633,64.4936599731445,1
242.835327148438,64.94970703125,1
243.754928588867,65.4022598266602,1
244.674835205078,65.8506164550781,1
245.595092773438,66.2940826416016,1
246.515747070313,66.7319641113281,1
247.436859130859,67.1635437011719,1
248.358459472656,67.5881423950195,1
249.280609130859,68.0050430297852,1
250.203369140625,68.4135589599609,1
251.12678527832,68.8129959106445,1
252.050903320313,69.20263671875,1
252.975769042969,69.5818023681641,1
253.901443481445,69.9497833251953,1
254.827972412109,70.3058776855469,1
255.755401611328,70.6493911743164,1
256.683776855469,70.979621887207,1
257.613189697266,71.2958755493164,1
258.543640136719,71.5974578857422,1
259.475189208984,71.8836517333984,1
260.407897949219,72.1537780761719,1
261.341827392578,72.4071273803711,1
262.277008056641,72.6429977416992,1
261.466766357422,73.2569198608398,1
260.64990234375,73.8389511108398,1
259.826538085938,74.3899917602539,1
258.996765136719,74.9109191894531,1
258.160736083984,75.4026336669922,1
257.318511962891,75.8660202026367,1
256.470245361328,76.3019790649414,1
255.61604309082,76.7113876342773,1
254.75602722168,77.0951538085938,1
253.890289306641,77.4541473388672,1
253.018951416016,77.7892761230469,1
252.142135620117,78.1014175415039,1
251.259948730469,78.391471862793,1
250.372497558594,78.6603317260742,1
249.479919433594,78.9088745117188,1
248.582290649414,79.1380004882813,1
247.679763793945,79.3486022949219,1
246.772430419922,79.5415649414063,1
245.860397338867,79.7177886962891,1
244.943801879883,79.8781509399414,1
244.022750854492,80.0235443115234,1
243.097351074219,80.1548690795898,1
242.167709350586,80.2730102539063,1
241.233947753906,80.3788528442383,1
240.296188354492,80.4732971191406,1
239.354537963867,80.5572280883789,1
238.409103393555,80.6315460205078,1
237.460006713867,80.6971282958984,1
236.507354736328,80.7548675537109,1
235.55126953125,80.8056564331055,1
234.591857910156,80.8503952026367,1
233.62922668457,80.8899612426758,1
232.663513183594,80.9252548217773,1
231.69482421875,80.9571533203125,1
230.723251342773,80.9865646362305,1
229.748931884766,81.0143661499023,1
228.771957397461,81.0414581298828,1
227.792465209961,81.0687255859375,1
226.810562133789,81.097053527832,1
225.826354980469,81.1273422241211,1
224.839965820313,81.1604843139648,1
223.851501464844,81.1973571777344,1
222.861068725586,81.2388687133789,1
221.868804931641,81.2858963012695,1
220.874801635742,81.3393325805664,1
219.879180908203,81.4000701904297,1
218.882064819336,81.4690017700195,1
217.883544921875,81.5470199584961,1
216.883743286133,81.6350021362305,1
215.882797241211,81.7338562011719,1
214.880783081055,81.8444671630859,1
213.877853393555,81.9677200317383,1
212.874084472656,82.1045074462891,1
211.869613647461,82.2557220458984,1
210.864547729492,82.4222564697266,1
209.858993530273,82.6050033569336,1
209.673980712891,83.4464797973633,1
209.491500854492,84.3060302734375,1
209.311645507813,85.182975769043,1
209.134460449219,86.0766754150391,1
208.960037231445,86.9864654541016,1
208.788421630859,87.9116973876953,1
208.619705200195,88.8516998291016,1
208.45393371582,89.8058242797852,1
208.291198730469,90.7734222412109,1
208.131546020508,91.7538223266602,1
207.975067138672,92.7463684082031,1
207.821807861328,93.7504119873047,1
207.671859741211,94.7652969360352,1
207.525268554688,95.7903594970703,1
207.382110595703,96.8249435424805,1
207.242462158203,97.8684005737305,1
207.106399536133,98.9200592041016,1
206.973968505859,99.9792785644531,1
206.845245361328,101.045394897461,1
206.720306396484,102.117744445801,1
206.599227905273,103.195678710938,1
206.482055664063,104.278541564941,1
206.368865966797,105.365676879883,1
206.259735107422,106.456413269043,1
206.154724121094,107.550117492676,1
206.053909301758,108.646110534668,1
205.95735168457,109.743751525879,1
205.865127563477,110.842376708984,1
205.777297973633,111.941329956055,1
205.693923950195,113.039947509766,1
205.615097045898,114.137588500977,1
205.540878295898,115.233581542969,1
205.471328735352,116.327278137207,1
205.406509399414,117.418022155762,1
205.34651184082,118.505149841309,1
205.291381835938,119.588005065918,1
205.2412109375,120.66593170166,1
205.196044921875,121.73828125,1
205.155960083008,122.804389953613,1
205.121047973633,123.86360168457,1
205.091339111328,124.915260314941,1
205.066925048828,125.958702087402,1
205.047866821289,126.993278503418,1
205.034240722656,128.018341064453,1
205.026107788086,129.033203125,1
205.023529052734,130.037246704102,1
205.026596069336,131.02978515625,1
205.035369873047,132.010177612305,1
205.049911499023,132.977752685547,1
205.070281982422,133.931869506836,1
205.096557617188,134.871856689453,1
205.128829956055,135.797073364258,1
205.167129516602,136.706848144531,1
205.211547851563,137.600540161133,1
205.262145996094,138.477478027344,1
205.319000244141,139.337005615234,1
204.782379150391,138.600601196289,1
204.243667602539,137.851959228516,1
203.703186035156,137.091400146484,1
203.161270141602,136.319274902344,1
202.618225097656,135.535919189453,1
202.074371337891,134.741683959961,1
201.530044555664,133.936920166016,1
200.985549926758,133.121932983398,1
200.441207885742,132.297103881836,1
199.897354125977,131.462753295898,1
199.354278564453,130.619232177734,1
198.81233215332,129.766876220703,1
198.271835327148,128.906036376953,1
197.73307800293,128.037048339844,1
197.196411132813,127.16024017334,1
196.662139892578,126.275978088379,1
196.130584716797,125.384590148926,1
195.602081298828,124.486419677734,1
195.076919555664,123.581817626953,1
194.555450439453,122.671112060547,1
194.037994384766,121.75464630127,1
193.524841308594,120.832778930664,1
193.016342163086,119.905830383301,1
192.512802124023,118.974151611328,1
192.014541625977,118.038093566895,1
191.521896362305,117.097984313965,1
191.03515625,116.154167175293,1
190.554672241211,115.206993103027,1
190.080749511719,114.256797790527,1
189.613723754883,113.303924560547,1
189.153884887695,112.348709106445,1
188.701583862305,111.391502380371,1
188.257125854492,110.432640075684,1
187.820831298828,109.472473144531,1
187.393035888672,108.511337280273,1
186.974029541016,107.54956817627,1
186.564163208008,106.587516784668,1
186.16374206543,105.625518798828,1
185.773086547852,104.663917541504,1
185.392517089844,103.703063964844,1
185.022369384766,102.743286132813,1
184.662948608398,101.784934997559,1
184.314575195313,100.828353881836,1
183.977569580078,99.8738708496094,1
183.652252197266,98.9218444824219,1
183.338943481445,97.9726028442383,1
183.037979125977,97.0265045166016,1
182.749664306641,96.083869934082,1
182.474319458008,95.1450576782227,1
182.212265014648,94.2104110717773,1
181.963821411133,93.2802581787109,1
181.729309082031,92.3549423217773,1
181.509063720703,91.4348220825195,1
181.30339050293,90.5202178955078,1
181.112594604492,89.6114883422852,1
180.937026977539,88.7089691162109,1
180.776992797852,87.8130035400391,1
179.697006225586,87.7560119628906,1
178.625717163086,87.7150268554688,1
177.56282043457,87.6897201538086,1
176.508041381836,87.6797332763672,1
175.461044311523,87.6847305297852,1
174.421539306641,87.7043685913086,1
173.389236450195,87.7383117675781,1
172.363815307617,87.7862014770508,1
171.344985961914,87.8477096557617,1
170.332443237305,87.922492980957,1
169.325881958008,88.0102005004883,1
168.325012207031,88.1104888916016,1
167.329528808594,88.223030090332,1
166.339111328125,88.3474655151367,1
165.353485107422,88.4834594726563,1
164.372314453125,88.6306686401367,1
163.39533996582,88.7887573242188,1
162.422225952148,88.9573669433594,1
161.452682495117,89.1361694335938,1
160.486404418945,89.324821472168,1
159.523101806641,89.5229721069336,1
158.562454223633,89.7302780151367,1
157.60417175293,89.9464111328125,1
156.64794921875,90.171012878418,1
155.693481445313,90.4037475585938,1
154.740478515625,90.6442794799805,1
153.788619995117,90.8922500610352,1
152.837631225586,91.147331237793,1
151.887176513672,91.4091720581055,1
150.936981201172,91.6774291992188,1
149.986724853516,91.9517669677734,1
149.036117553711,92.2318420410156,1
148.084854125977,92.5173034667969,1
147.13264465332,92.8078231811523,1
146.179153442383,93.1030426025391,1
145.224105834961,93.4026260375977,1
144.267196655273,93.7062377929688,1
143.308120727539,94.0135269165039,1
142.346588134766,94.3241500854492,1
141.382278442383,94.6377716064453,1
140.414886474609,94.9540405273438,1
139.444137573242,95.2726211547852,1
138.469696044922,95.5931625366211,1
137.491287231445,95.9153366088867,1
136.508590698242,96.2387847900391,1
135.521331787109,96.5631790161133,1
134.529174804688,96.8881683349609,1
133.531829833984,97.2134094238281,1
132.529006958008,97.5385589599609,1
131.520385742188,97.86328125,1
130.505676269531,98.1872253417969,1
129.484588623047,98.5100555419922,1
128.456787109375,98.831428527832,1
127.421997070313,99.1510009765625,1
127.981597900391,98.2876815795898,1
128.550170898438,97.4302825927734,1
129.127670288086,96.5788803100586,1
129.714004516602,95.7335433959961,1
130.309097290039,94.8943634033203,1
130.912857055664,94.0614166259766,1
131.525253295898,93.2347793579102,1
132.14616394043,92.4145278930664,1
132.775527954102,91.6007385253906,1
133.413284301758,90.7935028076172,1
134.059341430664,89.9928817749023,1
134.713623046875,89.1989593505859,1
135.376052856445,88.4118194580078,1
136.046569824219,87.6315383911133,1
136.725082397461,86.8581924438477,1
137.411514282227,86.0918655395508,1
138.105804443359,85.3326263427734,1
138.807861328125,84.5805587768555,1
139.517623901367,83.8357391357422,1
140.235000610352,83.0982513427734,1
140.959915161133,82.3681640625,1
141.692306518555,81.6455688476563,1
142.432098388672,80.930534362793,1
143.17919921875,80.2231369018555,1
143.933547973633,79.5234603881836,1
144.695053100586,78.8315811157227,1
145.463653564453,78.1475830078125,1
146.2392578125,77.4715347290039,1
147.02180480957,76.8035278320313,1
147.811218261719,76.1436233520508,1
148.607421875,75.4919128417969,1
149.41032409668,74.8484725952148,1
150.219863891602,74.21337890625,1
151.035949707031,73.5867080688477,1
151.858535766602,72.9685363769531,1
152.687515258789,72.3589553833008,1
153.522842407227,71.7580261230469,1
154.364410400391,71.1658401489258,1
155.212158203125,70.5824737548828,1
156.065994262695,70.0080032348633,1
157.606369018555,68.8442535400391,1
158.59700012207,67.286003112793,1
158.839889526367,66.9209365844727,1
159.407775878906,66.2847671508789,1
160.22639465332,65.4377059936523,1
161.221450805664,64.4399337768555,1
162.318664550781,63.3516502380371,1
163.443771362305,62.2330436706543,1
164.522491455078,61.1443138122559,1
165.480560302734,60.1456489562988,1
166.243682861328,59.2972450256348,1
166.737579345703,58.6592979431152,1
166.888000488281,58.2919998168945,1
166.647521972656,57.2265892028809,1
166.386672973633,56.187313079834,1
166.106109619141,55.1732330322266,1
165.806549072266,54.1834144592285,1
165.488677978516,53.2169151306152,1
165.153182983398,52.2728004455566,1
164.800765991211,51.3501319885254,1
164.432083129883,50.4479751586914,1
164.047866821289,49.5653877258301,1
163.648773193359,48.7014389038086,1
163.23551940918,47.8551864624023,1
162.808776855469,47.0256958007813,1
162.369247436523,46.212028503418,1
161.917602539063,45.4132461547852,1
161.454559326172,44.6284103393555,1
160.980804443359,43.8565902709961,1
160.496994018555,43.0968399047852,1
160.003860473633,42.3482284545898,1
159.502075195313,41.6098136901855,1
158.992324829102,40.8806648254395,1
158.475311279297,40.1598358154297,1
157.951705932617,39.4463996887207,1
157.422225952148,38.7394104003906,1
156.887542724609,38.0379333496094,1
156.348342895508,37.3410301208496,1
155.805328369141,36.6477699279785,1
155.259185791016,35.9572067260742,1
154.71061706543,35.2684059143066,1
154.160293579102,34.5804328918457,1
153.608901977539,33.8923492431641,1
153.057144165039,33.2032165527344,1
152.505722045898,32.5120964050293,1
151.955307006836,31.8180541992188,1
151.406600952148,31.1201496124268,1
150.860275268555,30.4174499511719,1
150.317047119141,29.7090129852295,1
149.777587890625,28.9939041137695,1
149.242599487305,28.2711849212646,1
148.712753295898,27.5399188995361,1
148.188751220703,26.7991676330566,1
147.671295166016,26.0479965209961,1
147.161071777344,25.2854633331299,1
146.658752441406,24.5106353759766,1
146.1650390625,23.7225742340088,1
145.680618286133,22.9203395843506,1
145.206192016602,22.1029987335205,1
144.742431640625,21.2696113586426,1
144.290054321289,20.4192390441895,1
143.849731445313,19.5509471893311,1
143.422149658203,18.6637992858887,1
143.008010864258,17.7568550109863,1
142.607986450195,16.8291778564453,1
142.222793579102,15.8798313140869,1
141.853103637695,14.9078769683838,1
141.499618530273,13.9123792648315,1
141.163024902344,12.8923988342285,1
140.843994140625,11.8470001220703,1
7.98000001907349,0.839999973773956,2
8.98950958251953,0.847883343696594,2
9.99900817871094,0.856859982013702,2
11.0084943771362,0.866929888725281,2
12.0179672241211,0.878093004226685,2
13.0274257659912,0.89034914970398,2
14.036868095398,0.903698265552521,2
15.046293258667,0.918140292167664,2
16.0557022094727,0.933675110340118,2
17.0650901794434,0.95030266046524,2
18.0744590759277,0.968022882938385,2
19.0838050842285,0.986835658550262,2
20.0931301116943,1.00674080848694,2
21.1024303436279,1.0277384519577,2
22.1117057800293,1.04982829093933,2
23.1209564208984,1.07301032543182,2
24.1301784515381,1.09728455543518,2
25.1393737792969,1.12265074253082,2
26.1485385894775,1.14910888671875,2
27.1576728820801,1.17665886878967,2
28.1667747497559,1.20530068874359,2
29.1758460998535,1.23503410816193,2
30.1848812103271,1.26585912704468,2
31.1938819885254,1.29777562618256,2
32.2028465270996,1.33078348636627,2
33.2117729187012,1.36488282680511,2
34.2206611633301,1.40007328987122,2
35.2295112609863,1.43635499477386,2
36.2383193969727,1.47372770309448,2
37.2470855712891,1.51219129562378,2
38.2558097839355,1.55174589157104,2
39.2644882202148,1.5923912525177,2
40.273120880127,1.63412737846375,2
41.2817077636719,1.67695415019989,2
42.2902488708496,1.72087132930756,2
43.2987403869629,1.76587903499603,2
44.3071784973145,1.81197714805603,2
45.3155708312988,1.85916554927826,2
46.3239059448242,1.90744400024414,2
47.3321914672852,1.95681273937225,2
48.3404197692871,2.00727128982544,2
49.3485946655273,2.05882000923157,2
50.3567123413086,2.11145830154419,2
51.3647689819336,2.16518664360046,2
52.3727684020996,2.22000432014465,2
53.3807106018066,2.27591180801392,2
54.3885879516602,2.33290886878967,2
55.3964042663574,2.39099502563477,2
56.4041557312012,2.45017075538635,2
57.4118423461914,2.51043558120728,2
58.4194641113281,2.57178950309753,2
59.4270172119141,2.63423275947571,2
60.4345054626465,2.69776463508606,2
61.4419212341309,2.76238560676575,2
62.4492683410645,2.82809519767761,2
63.45654296875,2.89489364624023,2
64.4637451171875,2.96278071403503,2
65.4708709716797,3.03175640106201,2
66.4779281616211,3.10182023048401,2
67.4849014282227,3.17297267913818,2
68.4917984008789,3.24521327018738,2
69.4986190795898,3.31854200363159,2
70.5053634643555,3.3929591178894,2
71.5120239257813,3.46846389770508,2
72.5186004638672,3.54505681991577,2
73.5251007080078,3.62273740768433,2
74.5315093994141,3.70150589942932,2
75.5378341674805,3.7813618183136,2
76.544075012207,3.86230540275574,2
77.5502243041992,3.94433665275574,2
78.5562896728516,4.02745532989502,2
79.5622634887695,4.11166095733643,2
80.5681457519531,4.19695377349854,2
81.5739364624023,4.28333425521851,2
82.5796356201172,4.37080144882202,2
83.5852355957031,4.45935535430908,2
84.5907440185547,4.54899644851685,2
85.5961532592773,4.63972425460815,2
86.6014633178711,4.73153877258301,2
87.6066741943359,4.82444000244141,2
88.6117935180664,4.91842746734619,2
89.6167984008789,5.01350164413452,2
90.621711730957,5.10966205596924,2
91.6265182495117,5.20690870285034,2
92.631217956543,5.30524158477783,2
93.6358108520508,5.40466070175171,2
94.6402969360352,5.50516557693481,2
95.6446838378906,5.60675621032715,2
96.6489486694336,5.70943307876587,2
97.6531066894531,5.81319570541382,2
98.6571578979492,5.91804361343384,2
99.6610946655273,6.02397727966309,2
100.664916992188,6.1309962272644,2
101.66862487793,6.23910093307495,2
102.672210693359,6.34829044342041,2
103.675689697266,6.4585657119751,2
104.679039001465,6.5699257850647,2
105.682273864746,6.68237066268921,2
106.685394287109,6.79590082168579,2
107.688385009766,6.91051578521729,2
108.691253662109,7.02621555328369,2
109.694000244141,7.14300012588501,2
110.978996276855,7.55999994277954,2
111.490997314453,9.5649995803833,2
111.436172485352,10.5777425765991,2
111.38134765625,11.5904846191406,2
111.326515197754,12.6032257080078,2
111.271690368652,13.615966796875,2
111.216865539551,14.6287069320679,2
111.162040710449,15.6414470672607,2
111.107215881348,16.6541862487793,2
111.052391052246,17.6669254302979,2
110.997566223145,18.6796627044678,2
110.942741394043,19.6923999786377,2
110.887916564941,20.705135345459,2
110.83309173584,21.7178726196289,2
110.778274536133,22.7306079864502,2
110.723449707031,23.7433414459229,2
110.66862487793,24.7560749053955,2
110.613807678223,25.7688083648682,2
110.558982849121,26.7815418243408,2
110.504165649414,27.7942733764648,2
110.449340820313,28.8070049285889,2
110.394523620605,29.8197345733643,2
110.339706420898,30.8324642181396,2
110.284881591797,31.8451919555664,2
110.23006439209,32.8579216003418,2
110.175247192383,33.8706474304199,2
110.120429992676,34.883373260498,2
110.065612792969,35.8960990905762,2
110.010795593262,36.9088249206543,2
109.955978393555,37.9215469360352,2
109.901161193848,38.9342727661133,2
109.846343994141,39.9469947814941,2
109.791526794434,40.959716796875,2
109.736709594727,41.9724349975586,2
109.68189239502,42.9851570129395,2
109.627075195313,43.997875213623,2
109.572257995605,45.0105934143066,2
109.517440795898,46.023307800293,2
109.462631225586,47.0360260009766,2
109.407814025879,48.0487403869629,2
109.352996826172,49.0614547729492,2
109.298179626465,50.0741691589355,2
109.243370056152,51.0868797302246,2
109.188552856445,52.0995903015137,2
109.133735656738,53.1123008728027,2
109.078926086426,54.1250114440918,2
109.024108886719,55.1377220153809,2
108.969291687012,56.1504287719727,2
108.914482116699,57.1631355285645,2
108.859664916992,58.175838470459,2
108.804847717285,59.1885452270508,2
108.750038146973,60.2012481689453,2
108.695220947266,61.2139472961426,2
108.640403747559,62.2266502380371,2
108.585594177246,63.2393493652344,2
108.530776977539,64.2520523071289,2
108.475967407227,65.2647476196289,2
108.42115020752,66.2774429321289,2
108.366333007813,67.2901382446289,2
108.3115234375,68.3028335571289,2
108.256706237793,69.3155288696289,2
108.201889038086,70.3282165527344,2
108.147079467773,71.3409118652344,2
108.092262268066,72.3535995483398,2
108.037445068359,73.3662872314453,2
107.982635498047,74.3789749145508,2
107.92781829834,75.3916625976563,2
107.873001098633,76.4043502807617,2
107.818183898926,77.4170303344727,2
107.763374328613,78.4297103881836,2
107.708557128906,79.4423904418945,2
107.653739929199,80.4550704956055,2
107.598922729492,81.4677505493164,2
107.544105529785,82.4804306030273,2
107.489295959473,83.4931030273438,2
107.434478759766,84.5057830810547,2
107.379661560059,85.5184555053711,2
107.324844360352,86.5311279296875,2
107.270027160645,87.5438003540039,2
107.215209960938,88.5564651489258,2
107.16039276123,89.5691375732422,2
107.105567932129,90.5818023681641,2
107.050750732422,91.5944671630859,2
106.995933532715,92.6071319580078,2
106.941116333008,93.6197967529297,2
106.886299133301,94.632453918457,2
106.831474304199,95.6451187133789,2
106.776657104492,96.6577758789063,2
106.721839904785,97.6704330444336,2
106.667015075684,98.6830902099609,2
106.612197875977,99.6957397460938,2
106.557373046875,100.708396911621,2
106.502548217773,101.721046447754,2
106.447731018066,102.733695983887,2
106.392906188965,103.74634552002,2
106.338081359863,104.758987426758,2
106.283256530762,105.771636962891,2
106.228439331055,106.784278869629,2
106.173614501953,107.796920776367,2
106.118789672852,108.809562683105,2
106.06396484375,109.822196960449,2
106.009140014648,110.834838867188,2
105.954307556152,111.847473144531,2
105.899482727051,112.860107421875,2
105.844657897949,113.872741699219,2
105.789825439453,114.885368347168,2
105.735000610352,115.898002624512,2
105.549003601074,117.417503356934,2
104.871002197266,118.714996337891,2
102.440002441406,119.609001159668,2
101.438598632813,119.742881774902,2
100.436859130859,119.871765136719,2
99.4347839355469,119.995697021484,2
98.4323883056641,120.114715576172,2
97.4296722412109,120.228858947754,2
96.4266510009766,120.338180541992,2
95.4233245849609,120.442718505859,2
94.4197006225586,120.542510986328,2
93.4157943725586,120.637596130371,2
92.4116134643555,120.72802734375,2
91.4071502685547,120.813835144043,2
90.4024353027344,120.895072937012,2
89.3974609375,120.971771240234,2
88.3922348022461,121.043983459473,2
87.3867721557617,121.111740112305,2
86.3810806274414,121.175094604492,2
85.3751602172852,121.234077453613,2
84.3690185546875,121.28874206543,2
83.362678527832,121.33911895752,2
82.3561248779297,121.38525390625,2
81.3493881225586,121.427200317383,2
80.3424606323242,121.464981079102,2
79.3353576660156,121.498649597168,2
78.3280792236328,121.528244018555,2
77.3206405639648,121.553817749023,2
76.3130493164063,121.575393676758,2
75.305305480957,121.59302520752,2
74.2974243164063,121.606750488281,2
73.2894134521484,121.616622924805,2
72.2812728881836,121.622665405273,2
71.2730255126953,121.624931335449,2
70.2646636962891,121.623458862305,2
69.2562026977539,121.618293762207,2
68.2476425170898,121.609481811523,2
67.2389984130859,121.597053527832,2
66.2302856445313,121.5810546875,2
65.2214965820313,121.561531066895,2
64.2126388549805,121.538528442383,2
63.2037353515625,121.512077331543,2
62.1947822570801,121.482223510742,2
61.1857872009277,121.449020385742,2
60.1767654418945,121.412490844727,2
59.1677169799805,121.372688293457,2
58.1586532592773,121.329658508301,2
57.1495819091797,121.283432006836,2
56.1405067443848,121.234062194824,2
55.1314430236816,121.181579589844,2
54.1223907470703,121.126029968262,2
53.1133651733398,121.06746673584,2
52.1043663024902,121.005920410156,2
51.0954055786133,120.941429138184,2
50.0864944458008,120.874046325684,2
49.0776329040527,120.803802490234,2
48.0688323974609,120.730751037598,2
47.0601043701172,120.654930114746,2
46.0514488220215,120.576377868652,2
45.0428810119629,120.495132446289,2
44.0344047546387,120.411247253418,2
43.0260276794434,120.324760437012,2
42.0177574157715,120.235710144043,2
41.0096015930176,120.144142150879,2
40.0015716552734,120.050102233887,2
38.9936714172363,119.953620910645,2
37.9859085083008,119.85474395752,2
36.9782943725586,119.753517150879,2
35.970832824707,119.64998626709,2
34.9635314941406,119.54418182373,2
33.9563980102539,119.436149597168,2
32.9494476318359,119.325942993164,2
31.9426765441895,119.213592529297,2
30.9361000061035,119.099136352539,2
29.929723739624,118.982627868652,2
28.9235553741455,118.864105224609,2
27.9176025390625,118.743606567383,2
26.9118747711182,118.62117767334,2
25.9063758850098,118.496856689453,2
24.9011173248291,118.37068939209,2
23.8961048126221,118.242713928223,2
22.8913478851318,118.112983703613,2
21.8868503570557,117.981521606445,2
20.882625579834,117.848388671875,2
19.8786754608154,117.713607788086,2
18.8750133514404,117.577239990234,2
17.8716430664063,117.439315795898,2
16.8685722351074,117.299880981445,2
15.8658113479614,117.158973693848,2
14.8633661270142,117.016639709473,2
13.8612442016602,116.872917175293,2
12.8594541549683,116.727851867676,2
11.858003616333,116.581489562988,2
10.8569002151489,116.433860778809,2
9.85615158081055,116.285018920898,2
8.8557653427124,116.13500213623,2
7.85574960708618,115.983848571777,2
6.85611152648926,115.831596374512,2
5.85685920715332,115.67830657959,2
4.85799980163574,115.524002075195,2
2.79200005531311,114.730003356934,2
2.08400011062622,112.324996948242,2
2.03795003890991,111.243286132813,2
1.99276387691498,110.161567687988,2
1.94838666915894,109.079849243164,2
1.90476381778717,107.998123168945,2
1.86184072494507,106.916381835938,2
1.81956267356873,105.834632873535,2
1.77787494659424,104.752876281738,2
1.73672306537628,103.671096801758,2
1.69605207443237,102.589302062988,2
1.65580761432648,101.50749206543,2
1.61593472957611,100.425659179688,2
1.57637906074524,99.3437957763672,2
1.53708565235138,98.2619171142578,2
1.49800002574921,97.1800003051758,2
1.46131646633148,96.1638031005859,2
1.42468440532684,95.1474456787109,2
1.38814735412598,94.1309356689453,2
1.35174858570099,93.1142807006836,2
1.31553173065186,92.0974884033203,2
1.27954018115997,91.0805587768555,2
1.24381744861603,90.0634994506836,2
1.20840704441071,89.0463180541992,2
1.1733523607254,88.0290222167969,2
1.13869690895081,87.0116195678711,2
1.1044842004776,85.9941101074219,2
1.07075750827789,84.9765014648438,2
1.03756058216095,83.9588012695313,2
1.00493681430817,82.9410171508789,2
0.97292959690094,81.9231567382813,2
0.941582441329956,80.9052200317383,2
0.910938799381256,79.8872146606445,2
0.881042122840881,78.8691482543945,2
0.851935982704163,77.8510284423828,2
0.823663771152496,76.8328628540039,2
0.796268999576569,75.8146514892578,2
0.769795119762421,74.7964096069336,2
0.744285643100739,73.7781295776367,2
0.719783961772919,72.7598266601563,2
0.696333587169647,71.7415084838867,2
0.673977971076965,70.7231750488281,2
0.652760684490204,69.7048416137695,2
0.632725059986115,68.6865081787109,2
0.613914668560028,67.6681747436523,2
0.596372961997986,66.6498565673828,2
0.580143332481384,65.6315536499023,2
0.565269410610199,64.61328125,2
0.551794528961182,63.5950393676758,2
0.539762198925018,62.576831817627,2
0.529215931892395,61.558666229248,2
0.520199120044708,60.5405540466309,2
0.512755334377289,59.5224952697754,2
0.506928026676178,58.5044975280762,2
0.502760589122772,57.4865646362305,2
0.500296533107758,56.4687080383301,2
0.49957937002182,55.4509315490723,2
0.500652551651001,54.4332427978516,2
0.503559529781342,53.415641784668,2
0.508343815803528,52.3981399536133,2
0.515048861503601,51.380744934082,2
0.523718118667603,50.3634605407715,2
0.534395039081573,49.3462905883789,2
0.547123193740845,48.3292427062988,2
0.561945974826813,47.3123245239258,2
0.578906834125519,46.295539855957,2
0.598049342632294,45.2788963317871,2
0.619416832923889,44.2624015808105,2
0.643052935600281,43.2460594177246,2
0.66900098323822,42.2298774719238,2
0.697304546833038,41.2138595581055,2
0.728007078170776,40.1980133056641,2
0.761152029037476,39.1823425292969,2
0.796782851219177,38.1668586730957,2
0.834942996501923,37.1515655517578,2
0.875676035881042,36.1364669799805,2
0.919025361537933,35.1215667724609,2
0.965034484863281,34.1068801879883,2
1.01374685764313,33.0924072265625,2
1.0652060508728,32.0781517028809,2
1.11945533752441,31.0641250610352,2
1.17653834819794,30.050329208374,2
1.23649847507477,29.0367736816406,2
1.2993791103363,28.0234642028809,2
1.36522400379181,27.010404586792,2
1.43407642841339,25.9976005554199,2
1.50597977638245,24.9850616455078,2
1.58097779750824,23.9727916717529,2
1.65911364555359,22.9607963562012,2
1.74043107032776,21.9490852355957,2
1.82497334480286,20.9376602172852,2
1.91278398036957,19.9265289306641,2
2.00390648841858,18.9156970977783,2
2.09838438034058,17.9051723480225,2
2.19626116752625,16.8949584960938,2
2.2975800037384,15.885064125061,2
2.40238475799561,14.8754930496216,2
2.51071882247925,13.8662538528442,2
2.62262558937073,12.8573503494263,2
2.73814821243286,11.8487901687622,2
2.85733079910278,10.840579032898,2
2.98021650314331,9.8327226638794,2
3.10684847831726,8.82522773742676,2
3.23727083206177,7.81809949874878,2
3.37152671813965,6.81134462356567,2
3.5096595287323,5.8049693107605,2
3.65171265602112,4.79897975921631,2
3.79772996902466,3.79338216781616,2
3.94775462150574,2.78818202018738,2
4.10183000564575,1.78338599205017,2
4.26000022888184,0.778999984264374,2
5.67533349990845,1.34307408332825,2
7.18333339691162,1.55959260463715,2
8.69999980926514,1.41700005531311,2
